id,url,type,propertyId,dateCategory,createdAt,updatedAt,assetId,assetData
cmfsouvq3000ytg0revdklala,https://dv07xnecne2gn.cloudfront.net/1758397870603-clutteredarea.png,image/png,cmfr6ratc0005tg0ro7exwhb4,September-2025,2025-09-20 19:55:49.658,2025-09-20 19:55:49.658,,
cmfsouvq3000ztg0reiseqal2,https://dv07xnecne2gn.cloudfront.net/1758397870779-outlet.png,image/png,cmfr6ratc0005tg0ro7exwhb4,September-2025,2025-09-20 19:55:49.658,2025-09-20 19:55:49.658,,
cmfsouvq30010tg0rjvclypcm,https://dv07xnecne2gn.cloudfront.net/1758397870761-mainarea-%282%29.png,image/png,cmfr6ratc0005tg0ro7exwhb4,September-2025,2025-09-20 19:55:49.658,2025-09-20 19:55:49.658,,
cmfsouvq30011tg0ry09k8cts,https://dv07xnecne2gn.cloudfront.net/1758397870773-mainarea-%281%29.png,image/png,cmfr6ratc0005tg0ro7exwhb4,September-2025,2025-09-20 19:55:49.658,2025-09-20 19:55:49.658,,
cmfsouvq30012tg0r2vvqn241,https://dv07xnecne2gn.cloudfront.net/1758397870771-light.png,image/png,cmfr6ratc0005tg0ro7exwhb4,September-2025,2025-09-20 19:55:49.658,2025-09-20 19:55:49.658,,
cmfspephh0018tg0rlgezhquq,https://dv07xnecne2gn.cloudfront.net/1758398852606-outside.png,image/png,cmfr6ratc0005tg0ro7exwhb4,September-2025,2025-09-20 20:11:14.693,2025-09-20 20:11:14.693,,
cmfspephh0019tg0rm4rku782,https://dv07xnecne2gn.cloudfront.net/1758398852643-reception.png,image/png,cmfr6ratc0005tg0ro7exwhb4,September-2025,2025-09-20 20:11:14.693,2025-09-20 20:11:14.693,,
cmfspephh001atg0r0rvykxs7,https://dv07xnecne2gn.cloudfront.net/1758398852634-outsideview.png,image/png,cmfr6ratc0005tg0ro7exwhb4,September-2025,2025-09-20 20:11:14.693,2025-09-20 20:11:14.693,,
cmfspoc3a001etg0rw02clr8z,https://dv07xnecne2gn.cloudfront.net/1758399301434-signview.png,image/png,cmfr6ratc0005tg0ro7exwhb4,September-2025,2025-09-20 20:18:43.893,2025-09-20 20:18:43.893,,
cmfspoc3a001ftg0rv9mu47s7,https://dv07xnecne2gn.cloudfront.net/1758399301470-working.png,image/png,cmfr6ratc0005tg0ro7exwhb4,September-2025,2025-09-20 20:18:43.893,2025-09-20 20:18:43.893,,
cmfspoc3a001gtg0rwb2bot7i,https://dv07xnecne2gn.cloudfront.net/1758399301494-windows.png,image/png,cmfr6ratc0005tg0ro7exwhb4,September-2025,2025-09-20 20:18:43.893,2025-09-20 20:18:43.893,,
cmfuxa7ir001mtg0r448myawo,https://dv07xnecne2gn.cloudfront.net/1758533158254-01046066.jpg,image/jpeg,cmfr6ratc0005tg0ro7exwhb4,September-2025,2025-09-22 09:27:14.064,2025-09-22 09:27:14.064,,
cmfuxa7ir001ntg0rarei94n2,https://dv07xnecne2gn.cloudfront.net/1758533158406-01046070.jpg,image/jpeg,cmfr6ratc0005tg0ro7exwhb4,September-2025,2025-09-22 09:27:14.064,2025-09-22 09:27:14.064,,
cmfuxa7ir001otg0r1samyx0e,https://dv07xnecne2gn.cloudfront.net/1758533158414-01046069.jpg,image/jpeg,cmfr6ratc0005tg0ro7exwhb4,September-2025,2025-09-22 09:27:14.064,2025-09-22 09:27:14.064,,
cmfuxa7ir001ptg0rawzyta37,https://dv07xnecne2gn.cloudfront.net/1758533158419-01046068.jpg,image/jpeg,cmfr6ratc0005tg0ro7exwhb4,September-2025,2025-09-22 09:27:14.064,2025-09-22 09:27:14.064,,
cmfuxa7ir001qtg0rqfooix8d,https://dv07xnecne2gn.cloudfront.net/1758533158416-01046067.jpg,image/jpeg,cmfr6ratc0005tg0ro7exwhb4,September-2025,2025-09-22 09:27:14.064,2025-09-22 09:27:14.064,,
cmfv7ze8t001wtg0r5oc7zisn,https://dv07xnecne2gn.cloudfront.net/1758551191539-01046072.jpg,image/jpeg,cmfr6ratc0005tg0ro7exwhb4,September-2025,2025-09-22 14:26:45.34,2025-09-22 14:26:45.34,,
cmfv7ze8t001xtg0rq5v20p5u,https://dv07xnecne2gn.cloudfront.net/1758551191537-01046074.jpg,image/jpeg,cmfr6ratc0005tg0ro7exwhb4,September-2025,2025-09-22 14:26:45.34,2025-09-22 14:26:45.34,,
cmfv7ze8t001ytg0rxsesznnr,https://dv07xnecne2gn.cloudfront.net/1758551191533-01046073.jpg,image/jpeg,cmfr6ratc0005tg0ro7exwhb4,September-2025,2025-09-22 14:26:45.34,2025-09-22 14:26:45.34,,
cmfv87rjp0022tg0rxlbjx0l2,https://dv07xnecne2gn.cloudfront.net/1758551586576-01046075.jpg,image/jpeg,cmfr6ratc0005tg0ro7exwhb4,September-2025,2025-09-22 14:33:15.828,2025-09-22 14:33:15.828,,
cmfv87rjp0023tg0rndybqw7p,https://dv07xnecne2gn.cloudfront.net/1758551586572-01046077.jpg,image/jpeg,cmfr6ratc0005tg0ro7exwhb4,September-2025,2025-09-22 14:33:15.828,2025-09-22 14:33:15.828,,
cmfv87rjp0024tg0rm8ze4e1l,https://dv07xnecne2gn.cloudfront.net/1758551586578-01046076.jpg,image/jpeg,cmfr6ratc0005tg0ro7exwhb4,September-2025,2025-09-22 14:33:15.828,2025-09-22 14:33:15.828,,
cmfv8n9720028tg0rhw8rrmx7,https://dv07xnecne2gn.cloudfront.net/1758552297178-01046126.jpg,image/jpeg,cmfr6ratc0005tg0ro7exwhb4,September-2025,2025-09-22 14:45:18.54,2025-09-22 14:45:18.54,,
cmfv8n9720029tg0rmqmmnhvr,https://dv07xnecne2gn.cloudfront.net/1758552297239-01046128.jpg,image/jpeg,cmfr6ratc0005tg0ro7exwhb4,September-2025,2025-09-22 14:45:18.54,2025-09-22 14:45:18.54,,
cmfv8n972002atg0ry2ifqypz,https://dv07xnecne2gn.cloudfront.net/1758552297184-01046129.jpg,image/jpeg,cmfr6ratc0005tg0ro7exwhb4,September-2025,2025-09-22 14:45:18.54,2025-09-22 14:45:18.54,,
cmfv8n972002btg0rra8eu8q0,https://dv07xnecne2gn.cloudfront.net/1758552297182-01046130.jpg,image/jpeg,cmfr6ratc0005tg0ro7exwhb4,September-2025,2025-09-22 14:45:18.54,2025-09-22 14:45:18.54,,
cmfv8yu11002gtg0rpgiry26p,https://dv07xnecne2gn.cloudfront.net/1758552845976-01046131.jpg,image/jpeg,cmfr6ratc0005tg0ro7exwhb4,September-2025,2025-09-22 14:54:18.756,2025-09-22 14:54:18.756,,
cmfv8yu11002htg0rjicc2az0,https://dv07xnecne2gn.cloudfront.net/1758552845981-01046132.jpg,image/jpeg,cmfr6ratc0005tg0ro7exwhb4,September-2025,2025-09-22 14:54:18.756,2025-09-22 14:54:18.756,,
cmfv8yu11002itg0rpwrqehsv,https://dv07xnecne2gn.cloudfront.net/1758552845988-01046127.jpg,image/jpeg,cmfr6ratc0005tg0ro7exwhb4,September-2025,2025-09-22 14:54:18.756,2025-09-22 14:54:18.756,,
cmfv8yu11002jtg0rwarrk59d,https://dv07xnecne2gn.cloudfront.net/1758552845980-01046133.jpg,image/jpeg,cmfr6ratc0005tg0ro7exwhb4,September-2025,2025-09-22 14:54:18.756,2025-09-22 14:54:18.756,,
cmfv8yu11002ktg0rg034e5zi,https://dv07xnecne2gn.cloudfront.net/1758552845978-01046134.jpg,image/jpeg,cmfr6ratc0005tg0ro7exwhb4,September-2025,2025-09-22 14:54:18.756,2025-09-22 14:54:18.756,,
cmfv96ty4002qtg0r22uryzht,https://dv07xnecne2gn.cloudfront.net/1758553214554-01046139.jpg,image/jpeg,cmfr6ratc0005tg0ro7exwhb4,September-2025,2025-09-22 15:00:31.898,2025-09-22 15:00:31.898,,
cmfv96ty4002rtg0rmm5vbox1,https://dv07xnecne2gn.cloudfront.net/1758553214573-01046138.jpg,image/jpeg,cmfr6ratc0005tg0ro7exwhb4,September-2025,2025-09-22 15:00:31.898,2025-09-22 15:00:31.898,,
cmfv96ty4002stg0ruprhkliz,https://dv07xnecne2gn.cloudfront.net/1758553214639-01046137.jpg,image/jpeg,cmfr6ratc0005tg0ro7exwhb4,September-2025,2025-09-22 15:00:31.898,2025-09-22 15:00:31.898,,
cmfv96ty4002ttg0rnmsqqhl7,https://dv07xnecne2gn.cloudfront.net/1758553214578-01046136.jpg,image/jpeg,cmfr6ratc0005tg0ro7exwhb4,September-2025,2025-09-22 15:00:31.898,2025-09-22 15:00:31.898,,
cmfv96ty4002utg0rwtwd7x4j,https://dv07xnecne2gn.cloudfront.net/1758553214626-01046135.jpg,image/jpeg,cmfr6ratc0005tg0ro7exwhb4,September-2025,2025-09-22 15:00:31.898,2025-09-22 15:00:31.898,,
cmfv9bw8c0030tg0rl0qi5gvp,https://dv07xnecne2gn.cloudfront.net/1758553459839-01046140.jpg,image/jpeg,cmfr6ratc0005tg0ro7exwhb4,September-2025,2025-09-22 15:04:28.139,2025-09-22 15:04:28.139,,
cmfv9bw8c0031tg0rx8xh4thf,https://dv07xnecne2gn.cloudfront.net/1758553459844-01046141.jpg,image/jpeg,cmfr6ratc0005tg0ro7exwhb4,September-2025,2025-09-22 15:04:28.139,2025-09-22 15:04:28.139,,
cmfv9bw8c0032tg0regvdlt9o,https://dv07xnecne2gn.cloudfront.net/1758553459842-01046143.jpg,image/jpeg,cmfr6ratc0005tg0ro7exwhb4,September-2025,2025-09-22 15:04:28.139,2025-09-22 15:04:28.139,,
